topic,title,location
Will the UN Security Council adopt a resolution concerning the Democratic People's Republic of Korea between 7 September 2017 and 4 October 2017?,UN Security Council Resolutions 2017,http://www.un.org/en/sc/documents/resolutions/2017.shtml
Will the UN Security Council adopt a resolution concerning the Democratic People's Republic of Korea between 7 September 2017 and 4 October 2017?,North Korea’s Sixth Nuclear Test: A First Look,http://www.38north.org/2017/09/punggye090517/
Will the UN Security Council adopt a resolution concerning the Democratic People's Republic of Korea between 7 September 2017 and 4 October 2017?,List of nuclear weapons tests of North Korea,https://en.wikipedia.org/wiki/List_of_nuclear_weapons_tests_of_North_Korea
Will the UN Security Council adopt a resolution concerning the Democratic People's Republic of Korea between 7 September 2017 and 4 October 2017?,UNSC  Resolution 1718 (2006) ,http://www.un.org/en/ga/search/view_doc.asp?symbol=S/RES/1718(2006)
Will the UN Security Council adopt a resolution concerning the Democratic People's Republic of Korea between 7 September 2017 and 4 October 2017?,UNSC Resolution 1874 (2009),http://www.un.org/en/ga/search/view_doc.asp?symbol=S/RES/1874(2009)
Will the UN Security Council adopt a resolution concerning the Democratic People's Republic of Korea between 7 September 2017 and 4 October 2017?,UNSC Resolution 2094 (2013) ,http://www.un.org/en/ga/search/view_doc.asp?symbol=S/RES/2094(2013)
Will the UN Security Council adopt a resolution concerning the Democratic People's Republic of Korea between 7 September 2017 and 4 October 2017?,UNSC Resolution 2270 (2016),http://www.un.org/en/ga/search/view_doc.asp?symbol=S/RES/2270(2016)
Will the UN Security Council adopt a resolution concerning the Democratic People's Republic of Korea between 7 September 2017 and 4 October 2017?,UNSC Resolution 2321 (2016) ,http://www.un.org/en/ga/search/view_doc.asp?symbol=S/RES/2321(2016)
Will the UN Security Council adopt a resolution concerning the Democratic People's Republic of Korea between 7 September 2017 and 4 October 2017?,UNSC Meetings Records,http://www.un.org/en/sc/meetings/
