topic,entry
Will the UN Security Council adopt a resolution concerning the Democratic People's Republic of Korea between 7 September 2017 and 4 October 2017?,"UNSC has adopted 3 DPRK Resolutions in 2017
 - 5 August 2017 - Response to successful July 3 and July 8 ballistic missile tests
 - 2 June 2017 - Response to 3 successful May tests 
 - 23 March 2017 - Response to March 5 and March 21 tests "
Will the UN Security Council adopt a resolution concerning the Democratic People's Republic of Korea between 7 September 2017 and 4 October 2017?,"NorK Nuclear Tests:
  - 9 October 2006 - possibly unsuccessful -  <5kt yield 
  - 25 May 2009 - successful test - ~5kt yield
  - 12 February 2013 - successful test - 6-16kt yield
  - 6 January 2016 - claimed to be hydrogen bomb, but yield too low - 7-16.5 kt yield
  - 9 September 2016 - claimed successful rocket-mountable test - 15-25kt yield
  - 3 September 2017 - claimed to be hydrogen bomb, plausible given yield - 50-250kt yield"
Will the UN Security Council adopt a resolution concerning the Democratic People's Republic of Korea between 7 September 2017 and 4 October 2017?,"UNSC resolutions following nuclear tests: 
  - 14 October 2006 - response to October 6 nuclear test (8 day delay) 
  - 12 June 2009 - response to May 25 nuclear test (18 day delay)
  - 7 March 2013 - response to February 12 nuclear test (23 day delay)
  - 2 March 2016 - response to January 6 nuclear test (56 day delay)
  - 30 November 2016 - response to September 9 nuclear test (82 day delay)"
Will the UN Security Council adopt a resolution concerning the Democratic People's Republic of Korea between 7 September 2017 and 4 October 2017?,"UNSC meetings following nuclear tests:
  - 14 October 2006 - prompted resolution 1718 (unanimous)
  - 12 June 2009 - prompted resolution 1874 (unanimous)
  - 7 March 2013 - prompted resolution 2094 (unanimous)
  - 2 March 2016 - prompted resolution 2270 (unanimous)
  - 30 November 2016 - prompted resolution 2321 (unanimous)
"
